model_id	results_id
r1_k_RPKM2protein	p_r_1_k_RPKM2protein_reaction_1
r10220_k_RPKM2protein	p_r_10220_k_RPKM2protein_reaction_10220
r10973_k_RPKM2protein	p_r_10973_k_RPKM2protein_reaction_10973
r10986_k_RPKM2protein	p_r_10986_k_RPKM2protein_reaction_10986
r10988_k_RPKM2protein	p_r_10988_k_RPKM2protein_reaction_10988
r10990_k_RPKM2protein	p_r_10990_k_RPKM2protein_reaction_10990
r1254_k_RPKM2protein	p_r_1254_k_RPKM2protein_reaction_1254
r1523_k_RPKM2protein	p_r_1523_k_RPKM2protein_reaction_1523
r1525_k_RPKM2protein	p_r_1525_k_RPKM2protein_reaction_1525
r1535_k_RPKM2protein	p_r_1535_k_RPKM2protein_reaction_1535
r15777_k_RPKM2protein	p_r_15777_k_RPKM2protein_reaction_15777
r1592_k_RPKM2protein	p_r_1592_k_RPKM2protein_reaction_1592
r1615_k_RPKM2protein	p_r_1615_k_RPKM2protein_reaction_1615
r1617_k_RPKM2protein	p_r_1617_k_RPKM2protein_reaction_1617
r16181_k_RPKM2protein	p_r_16181_k_RPKM2protein_reaction_16181
r1621_k_RPKM2protein	p_r_1621_k_RPKM2protein_reaction_1621
r1627_k_RPKM2protein	p_r_1627_k_RPKM2protein_reaction_1627
r16376_k_RPKM2protein	p_r_16376_k_RPKM2protein_reaction_16376
r16447_k_RPKM2protein	p_r_16447_k_RPKM2protein_reaction_16447
r1664_k_RPKM2protein	p_r_1664_k_RPKM2protein_reaction_1664
r1668_k_RPKM2protein	p_r_1668_k_RPKM2protein_reaction_1668
r1682_k_RPKM2protein	p_r_1682_k_RPKM2protein_reaction_1682
r17_k_RPKM2protein	p_r_17_k_RPKM2protein_reaction_17
r17294_k_RPKM2protein	p_r_17294_k_RPKM2protein_reaction_17294
r17295_k_RPKM2protein	p_r_17295_k_RPKM2protein_reaction_17295
r17803_k_RPKM2protein	p_r_17803_k_RPKM2protein_reaction_17803
r17805_k_RPKM2protein	p_r_17805_k_RPKM2protein_reaction_17805
r17845_k_RPKM2protein	p_r_17845_k_RPKM2protein_reaction_17845
r185_k_RPKM2protein	p_r_185_k_RPKM2protein_reaction_185
r18525_k_RPKM2protein	p_r_18525_k_RPKM2protein_reaction_18525
r18527_k_RPKM2protein	p_r_18527_k_RPKM2protein_reaction_18527
r18540_k_RPKM2protein	p_r_18540_k_RPKM2protein_reaction_18540
r187_k_RPKM2protein	p_r_187_k_RPKM2protein_reaction_187
r1878_k_RPKM2protein	p_r_1878_k_RPKM2protein_reaction_1878
r1880_k_RPKM2protein	p_r_1880_k_RPKM2protein_reaction_1880
r189_k_RPKM2protein	p_r_189_k_RPKM2protein_reaction_189
r19_k_RPKM2protein	p_r_19_k_RPKM2protein_reaction_19
r193_k_RPKM2protein	p_r_193_k_RPKM2protein_reaction_193
r19741_k_RPKM2protein	p_r_19741_k_RPKM2protein_reaction_19741
r21_k_RPKM2protein	p_r_21_k_RPKM2protein_reaction_21
r215_k_RPKM2protein	p_r_215_k_RPKM2protein_reaction_215
r217_k_RPKM2protein	p_r_217_k_RPKM2protein_reaction_217
r23_k_RPKM2protein	p_r_23_k_RPKM2protein_reaction_23
r23261_k_RPKM2protein	p_r_23261_k_RPKM2protein_reaction_23261
r2364_k_RPKM2protein	p_r_2364_k_RPKM2protein_reaction_2364
r23811_k_RPKM2protein	p_r_23811_k_RPKM2protein_reaction_23811
r2395_k_RPKM2protein	p_r_2395_k_RPKM2protein_reaction_2395
r2399_k_RPKM2protein	p_r_2399_k_RPKM2protein_reaction_2399
r2403_k_RPKM2protein	p_r_2403_k_RPKM2protein_reaction_2403
r247_k_RPKM2protein	p_r_247_k_RPKM2protein_reaction_247
r25_k_RPKM2protein	p_r_25_k_RPKM2protein_reaction_25
r260_k_RPKM2protein	p_r_260_k_RPKM2protein_reaction_260
r26436_k_RPKM2protein	p_r_26436_k_RPKM2protein_reaction_26436
r26456_k_RPKM2protein	p_r_26456_k_RPKM2protein_reaction_26456
r26480_k_RPKM2protein	p_r_26480_k_RPKM2protein_reaction_26480
r26500_k_RPKM2protein	p_r_26500_k_RPKM2protein_reaction_26500
r26542_k_RPKM2protein	p_r_26542_k_RPKM2protein_reaction_26542
r26562_k_RPKM2protein	p_r_26562_k_RPKM2protein_reaction_26562
r26582_k_RPKM2protein	p_r_26582_k_RPKM2protein_reaction_26582
r26602_k_RPKM2protein	p_r_26602_k_RPKM2protein_reaction_26602
r27_k_RPKM2protein	p_r_27_k_RPKM2protein_reaction_27
r2825_k_RPKM2protein	p_r_2825_k_RPKM2protein_reaction_2825
r28446_k_RPKM2protein	p_r_28446_k_RPKM2protein_reaction_28446
r28448_k_RPKM2protein	p_r_28448_k_RPKM2protein_reaction_28448
r2845_k_RPKM2protein	p_r_2845_k_RPKM2protein_reaction_2845
r28450_k_RPKM2protein	p_r_28450_k_RPKM2protein_reaction_28450
r28452_k_RPKM2protein	p_r_28452_k_RPKM2protein_reaction_28452
r28454_k_RPKM2protein	p_r_28454_k_RPKM2protein_reaction_28454
r28456_k_RPKM2protein	p_r_28456_k_RPKM2protein_reaction_28456
r29_k_RPKM2protein	p_r_29_k_RPKM2protein_reaction_29
r29557_k_RPKM2protein	p_r_29557_k_RPKM2protein_reaction_29557
r32157_k_RPKM2protein	p_r_32157_k_RPKM2protein_reaction_32157
r32229_k_RPKM2protein	p_r_32229_k_RPKM2protein_reaction_32229
r32331_k_RPKM2protein	p_r_32331_k_RPKM2protein_reaction_32331
r32533_k_RPKM2protein	p_r_32533_k_RPKM2protein_reaction_32533
r32611_k_RPKM2protein	p_r_32611_k_RPKM2protein_reaction_32611
r34_k_RPKM2protein	p_r_34_k_RPKM2protein_reaction_34
r36_k_RPKM2protein	p_r_36_k_RPKM2protein_reaction_36
r393_k_RPKM2protein	p_r_393_k_RPKM2protein_reaction_393
r406_k_RPKM2protein	p_r_406_k_RPKM2protein_reaction_406
r408_k_RPKM2protein	p_r_408_k_RPKM2protein_reaction_408
r4126_k_RPKM2protein	p_r_4126_k_RPKM2protein_reaction_4126
r4128_k_RPKM2protein	p_r_4128_k_RPKM2protein_reaction_4128
r4132_k_RPKM2protein	p_r_4132_k_RPKM2protein_reaction_4132
r415_k_RPKM2protein	p_r_415_k_RPKM2protein_reaction_415
r418_k_RPKM2protein	p_r_418_k_RPKM2protein_reaction_418
r424_k_RPKM2protein	p_r_424_k_RPKM2protein_reaction_424
r426_k_RPKM2protein	p_r_426_k_RPKM2protein_reaction_426
r428_k_RPKM2protein	p_r_428_k_RPKM2protein_reaction_428
r467_k_RPKM2protein	p_r_467_k_RPKM2protein_reaction_467
r469_k_RPKM2protein	p_r_469_k_RPKM2protein_reaction_469
r471_k_RPKM2protein	p_r_471_k_RPKM2protein_reaction_471
r473_k_RPKM2protein	p_r_473_k_RPKM2protein_reaction_473
r518_k_RPKM2protein	p_r_518_k_RPKM2protein_reaction_518
r522_k_RPKM2protein	p_r_522_k_RPKM2protein_reaction_522
r524_k_RPKM2protein	p_r_524_k_RPKM2protein_reaction_524
r540_k_RPKM2protein	p_r_540_k_RPKM2protein_reaction_540
r5479_k_RPKM2protein	p_r_5479_k_RPKM2protein_reaction_5479
r5481_k_RPKM2protein	p_r_5481_k_RPKM2protein_reaction_5481
r5483_k_RPKM2protein	p_r_5483_k_RPKM2protein_reaction_5483
r56120_k_RPKM2protein	p_r_56120_k_RPKM2protein_reaction_56120
r570_k_RPKM2protein	p_r_570_k_RPKM2protein_reaction_570
r572_k_RPKM2protein	p_r_572_k_RPKM2protein_reaction_572
r57200_k_RPKM2protein	p_r_57200_k_RPKM2protein_reaction_57200
r5847_k_RPKM2protein	p_r_5847_k_RPKM2protein_reaction_5847
r5851_k_RPKM2protein	p_r_5851_k_RPKM2protein_reaction_5851
r5853_k_RPKM2protein	p_r_5853_k_RPKM2protein_reaction_5853
r5869_k_RPKM2protein	p_r_5869_k_RPKM2protein_reaction_5869
r59_k_RPKM2protein	p_r_59_k_RPKM2protein_reaction_59
r5946_k_RPKM2protein	p_r_5946_k_RPKM2protein_reaction_5946
r59637_k_RPKM2protein	p_r_59637_k_RPKM2protein_reaction_59637
r598_k_RPKM2protein	p_r_598_k_RPKM2protein_reaction_598
r600_k_RPKM2protein	p_r_600_k_RPKM2protein_reaction_600
r602_k_RPKM2protein	p_r_602_k_RPKM2protein_reaction_602
r604_k_RPKM2protein	p_r_604_k_RPKM2protein_reaction_604
r606_k_RPKM2protein	p_r_606_k_RPKM2protein_reaction_606
r608_k_RPKM2protein	p_r_608_k_RPKM2protein_reaction_608
r61_k_RPKM2protein	p_r_61_k_RPKM2protein_reaction_61
r610_k_RPKM2protein	p_r_610_k_RPKM2protein_reaction_610
r612_k_RPKM2protein	p_r_612_k_RPKM2protein_reaction_612
r614_k_RPKM2protein	p_r_614_k_RPKM2protein_reaction_614
r618_k_RPKM2protein	p_r_618_k_RPKM2protein_reaction_618
r635_k_RPKM2protein	p_r_635_k_RPKM2protein_reaction_635
r66_k_RPKM2protein	p_r_66_k_RPKM2protein_reaction_66
r686_k_RPKM2protein	p_r_686_k_RPKM2protein_reaction_686
r74789_k_RPKM2protein	p_r_74789_k_RPKM2protein_reaction_74789
r74796_k_RPKM2protein	p_r_74796_k_RPKM2protein_reaction_74796
r79068_k_DrugTranslocation	p_r_79068_k_DrugTranslocation_reaction_79068
r79068_kd_DrugTranslocation	p_r_79068_kd_DrugTranslocation_reaction_79068
r79071_k_DrugTargetInteraction	p_r_79071_k_DrugTargetInteraction_reaction_79071
r79071_kd_DrugTargetInteraction	p_r_79071_kd_DrugTargetInteraction_reaction_79071
r79081_k_DrugTargetInteraction	p_r_79081_k_DrugTargetInteraction_reaction_79081
r79081_kd_DrugTargetInteraction	p_r_79081_kd_DrugTargetInteraction_reaction_79081
r79115_k_DrugTargetInteraction	p_r_79115_k_DrugTargetInteraction_reaction_79115
r79115_kd_DrugTargetInteraction	p_r_79115_kd_DrugTargetInteraction_reaction_79115
r79121_k_DrugTargetInteraction	p_r_79121_k_DrugTargetInteraction_reaction_79121
r79121_kd_DrugTargetInteraction	p_r_79121_kd_DrugTargetInteraction_reaction_79121
r79133_k_DrugTargetInteraction	p_r_79133_k_DrugTargetInteraction_reaction_79133
r79133_kd_DrugTargetInteraction	p_r_79133_kd_DrugTargetInteraction_reaction_79133
r79145_k_DrugTargetInteraction	p_r_79145_k_DrugTargetInteraction_reaction_79145
r79145_kd_DrugTargetInteraction	p_r_79145_kd_DrugTargetInteraction_reaction_79145
r802_k_RPKM2protein	p_r_802_k_RPKM2protein_reaction_802
r80371_k_DrugTranslocation	p_r_80371_k_DrugTranslocation_reaction_80371
r80371_kd_DrugTranslocation	p_r_80371_kd_DrugTranslocation_reaction_80371
r80374_k_DrugTargetInteraction	p_r_80374_k_DrugTargetInteraction_reaction_80374
r80374_kd_DrugTargetInteraction	p_r_80374_kd_DrugTargetInteraction_reaction_80374
r80376_k_DrugTargetInteraction	p_r_80376_k_DrugTargetInteraction_reaction_80376
r80376_kd_DrugTargetInteraction	p_r_80376_kd_DrugTargetInteraction_reaction_80376
r80378_k_DrugTargetInteraction	p_r_80378_k_DrugTargetInteraction_reaction_80378
r80378_kd_DrugTargetInteraction	p_r_80378_kd_DrugTargetInteraction_reaction_80378
r80382_k_DrugTargetInteraction	p_r_80382_k_DrugTargetInteraction_reaction_80382
r80382_kd_DrugTargetInteraction	p_r_80382_kd_DrugTargetInteraction_reaction_80382
r80388_k_DrugTargetInteraction	p_r_80388_k_DrugTargetInteraction_reaction_80388
r80388_kd_DrugTargetInteraction	p_r_80388_kd_DrugTargetInteraction_reaction_80388
r80392_k_DrugTargetInteraction	p_r_80392_k_DrugTargetInteraction_reaction_80392
r80392_kd_DrugTargetInteraction	p_r_80392_kd_DrugTargetInteraction_reaction_80392
r80396_k_DrugTargetInteraction	p_r_80396_k_DrugTargetInteraction_reaction_80396
r80396_kd_DrugTargetInteraction	p_r_80396_kd_DrugTargetInteraction_reaction_80396
r80400_k_DrugTargetInteraction	p_r_80400_k_DrugTargetInteraction_reaction_80400
r80400_kd_DrugTargetInteraction	p_r_80400_kd_DrugTargetInteraction_reaction_80400
r80402_k_DrugTargetInteraction	p_r_80402_k_DrugTargetInteraction_reaction_80402
r80402_kd_DrugTargetInteraction	p_r_80402_kd_DrugTargetInteraction_reaction_80402
r80410_k_DrugTargetInteraction	p_r_80410_k_DrugTargetInteraction_reaction_80410
r80410_kd_DrugTargetInteraction	p_r_80410_kd_DrugTargetInteraction_reaction_80410
r80414_k_DrugTargetInteraction	p_r_80414_k_DrugTargetInteraction_reaction_80414
r80414_kd_DrugTargetInteraction	p_r_80414_kd_DrugTargetInteraction_reaction_80414
r80418_k_DrugTargetInteraction	p_r_80418_k_DrugTargetInteraction_reaction_80418
r80418_kd_DrugTargetInteraction	p_r_80418_kd_DrugTargetInteraction_reaction_80418
r80422_k_DrugTargetInteraction	p_r_80422_k_DrugTargetInteraction_reaction_80422
r80422_kd_DrugTargetInteraction	p_r_80422_kd_DrugTargetInteraction_reaction_80422
r80434_k_DrugTargetInteraction	p_r_80434_k_DrugTargetInteraction_reaction_80434
r80434_kd_DrugTargetInteraction	p_r_80434_kd_DrugTargetInteraction_reaction_80434
r80436_k_DrugTargetInteraction	p_r_80436_k_DrugTargetInteraction_reaction_80436
r80436_kd_DrugTargetInteraction	p_r_80436_kd_DrugTargetInteraction_reaction_80436
r80438_k_DrugTargetInteraction	p_r_80438_k_DrugTargetInteraction_reaction_80438
r80438_kd_DrugTargetInteraction	p_r_80438_kd_DrugTargetInteraction_reaction_80438
r80440_k_DrugTargetInteraction	p_r_80440_k_DrugTargetInteraction_reaction_80440
r80440_kd_DrugTargetInteraction	p_r_80440_kd_DrugTargetInteraction_reaction_80440
r80442_k_DrugTargetInteraction	p_r_80442_k_DrugTargetInteraction_reaction_80442
r80442_kd_DrugTargetInteraction	p_r_80442_kd_DrugTargetInteraction_reaction_80442
r80450_k_DrugTargetInteraction	p_r_80450_k_DrugTargetInteraction_reaction_80450
r80450_kd_DrugTargetInteraction	p_r_80450_kd_DrugTargetInteraction_reaction_80450
r80452_k_DrugTargetInteraction	p_r_80452_k_DrugTargetInteraction_reaction_80452
r80452_kd_DrugTargetInteraction	p_r_80452_kd_DrugTargetInteraction_reaction_80452
r80456_k_DrugTargetInteraction	p_r_80456_k_DrugTargetInteraction_reaction_80456
r80456_kd_DrugTargetInteraction	p_r_80456_kd_DrugTargetInteraction_reaction_80456
r80458_k_DrugTargetInteraction	p_r_80458_k_DrugTargetInteraction_reaction_80458
r80458_kd_DrugTargetInteraction	p_r_80458_kd_DrugTargetInteraction_reaction_80458
r80460_k_DrugTargetInteraction	p_r_80460_k_DrugTargetInteraction_reaction_80460
r80460_kd_DrugTargetInteraction	p_r_80460_kd_DrugTargetInteraction_reaction_80460
r80462_k_DrugTargetInteraction	p_r_80462_k_DrugTargetInteraction_reaction_80462
r80462_kd_DrugTargetInteraction	p_r_80462_kd_DrugTargetInteraction_reaction_80462
r80464_k_DrugTargetInteraction	p_r_80464_k_DrugTargetInteraction_reaction_80464
r80464_kd_DrugTargetInteraction	p_r_80464_kd_DrugTargetInteraction_reaction_80464
r80466_k_DrugTargetInteraction	p_r_80466_k_DrugTargetInteraction_reaction_80466
r80466_kd_DrugTargetInteraction	p_r_80466_kd_DrugTargetInteraction_reaction_80466
r80470_k_DrugTargetInteraction	p_r_80470_k_DrugTargetInteraction_reaction_80470
r80470_kd_DrugTargetInteraction	p_r_80470_kd_DrugTargetInteraction_reaction_80470
r80476_k_DrugTargetInteraction	p_r_80476_k_DrugTargetInteraction_reaction_80476
r80476_kd_DrugTargetInteraction	p_r_80476_kd_DrugTargetInteraction_reaction_80476
r80486_k_DrugTargetInteraction	p_r_80486_k_DrugTargetInteraction_reaction_80486
r80486_kd_DrugTargetInteraction	p_r_80486_kd_DrugTargetInteraction_reaction_80486
r80488_k_DrugTargetInteraction	p_r_80488_k_DrugTargetInteraction_reaction_80488
r80488_kd_DrugTargetInteraction	p_r_80488_kd_DrugTargetInteraction_reaction_80488
r80492_k_DrugTargetInteraction	p_r_80492_k_DrugTargetInteraction_reaction_80492
r80492_kd_DrugTargetInteraction	p_r_80492_kd_DrugTargetInteraction_reaction_80492
r80498_k_DrugTargetInteraction	p_r_80498_k_DrugTargetInteraction_reaction_80498
r80498_kd_DrugTargetInteraction	p_r_80498_kd_DrugTargetInteraction_reaction_80498
r80524_k_DrugTargetInteraction	p_r_80524_k_DrugTargetInteraction_reaction_80524
r80524_kd_DrugTargetInteraction	p_r_80524_kd_DrugTargetInteraction_reaction_80524
r80526_k_DrugTargetInteraction	p_r_80526_k_DrugTargetInteraction_reaction_80526
r80526_kd_DrugTargetInteraction	p_r_80526_kd_DrugTargetInteraction_reaction_80526
r80528_k_DrugTargetInteraction	p_r_80528_k_DrugTargetInteraction_reaction_80528
r80528_kd_DrugTargetInteraction	p_r_80528_kd_DrugTargetInteraction_reaction_80528
r80530_k_DrugTargetInteraction	p_r_80530_k_DrugTargetInteraction_reaction_80530
r80530_kd_DrugTargetInteraction	p_r_80530_kd_DrugTargetInteraction_reaction_80530
r80532_k_DrugTargetInteraction	p_r_80532_k_DrugTargetInteraction_reaction_80532
r80532_kd_DrugTargetInteraction	p_r_80532_kd_DrugTargetInteraction_reaction_80532
r80548_k_DrugTargetInteraction	p_r_80548_k_DrugTargetInteraction_reaction_80548
r80548_kd_DrugTargetInteraction	p_r_80548_kd_DrugTargetInteraction_reaction_80548
r812_k_RPKM2protein	p_r_812_k_RPKM2protein_reaction_812
r82742_k_DrugTranslocation	p_r_82742_k_DrugTranslocation_reaction_82742
r82742_kd_DrugTranslocation	p_r_82742_kd_DrugTranslocation_reaction_82742
r82743_k_DrugTargetInteraction	p_r_82743_k_DrugTargetInteraction_reaction_82743
r82743_kd_DrugTargetInteraction	p_r_82743_kd_DrugTargetInteraction_reaction_82743
r82745_k_DrugTargetInteraction	p_r_82745_k_DrugTargetInteraction_reaction_82745
r82745_kd_DrugTargetInteraction	p_r_82745_kd_DrugTargetInteraction_reaction_82745
r82747_k_DrugTargetInteraction	p_r_82747_k_DrugTargetInteraction_reaction_82747
r82747_kd_DrugTargetInteraction	p_r_82747_kd_DrugTargetInteraction_reaction_82747
r82751_k_DrugTargetInteraction	p_r_82751_k_DrugTargetInteraction_reaction_82751
r82751_kd_DrugTargetInteraction	p_r_82751_kd_DrugTargetInteraction_reaction_82751
r82755_k_DrugTargetInteraction	p_r_82755_k_DrugTargetInteraction_reaction_82755
r82755_kd_DrugTargetInteraction	p_r_82755_kd_DrugTargetInteraction_reaction_82755
r82757_k_DrugTargetInteraction	p_r_82757_k_DrugTargetInteraction_reaction_82757
r82757_kd_DrugTargetInteraction	p_r_82757_kd_DrugTargetInteraction_reaction_82757
r82759_k_DrugTargetInteraction	p_r_82759_k_DrugTargetInteraction_reaction_82759
r82759_kd_DrugTargetInteraction	p_r_82759_kd_DrugTargetInteraction_reaction_82759
r82763_k_DrugTargetInteraction	p_r_82763_k_DrugTargetInteraction_reaction_82763
r82763_kd_DrugTargetInteraction	p_r_82763_kd_DrugTargetInteraction_reaction_82763
r82765_k_DrugTargetInteraction	p_r_82765_k_DrugTargetInteraction_reaction_82765
r82765_kd_DrugTargetInteraction	p_r_82765_kd_DrugTargetInteraction_reaction_82765
r82767_k_DrugTargetInteraction	p_r_82767_k_DrugTargetInteraction_reaction_82767
r82767_kd_DrugTargetInteraction	p_r_82767_kd_DrugTargetInteraction_reaction_82767
r82769_k_DrugTargetInteraction	p_r_82769_k_DrugTargetInteraction_reaction_82769
r82769_kd_DrugTargetInteraction	p_r_82769_kd_DrugTargetInteraction_reaction_82769
r82771_k_DrugTargetInteraction	p_r_82771_k_DrugTargetInteraction_reaction_82771
r82771_kd_DrugTargetInteraction	p_r_82771_kd_DrugTargetInteraction_reaction_82771
r82773_k_DrugTargetInteraction	p_r_82773_k_DrugTargetInteraction_reaction_82773
r82773_kd_DrugTargetInteraction	p_r_82773_kd_DrugTargetInteraction_reaction_82773
r82775_k_DrugTargetInteraction	p_r_82775_k_DrugTargetInteraction_reaction_82775
r82775_kd_DrugTargetInteraction	p_r_82775_kd_DrugTargetInteraction_reaction_82775
r82779_k_DrugTargetInteraction	p_r_82779_k_DrugTargetInteraction_reaction_82779
r82779_kd_DrugTargetInteraction	p_r_82779_kd_DrugTargetInteraction_reaction_82779
r82781_k_DrugTargetInteraction	p_r_82781_k_DrugTargetInteraction_reaction_82781
r82781_kd_DrugTargetInteraction	p_r_82781_kd_DrugTargetInteraction_reaction_82781
r82783_k_DrugTargetInteraction	p_r_82783_k_DrugTargetInteraction_reaction_82783
r82783_kd_DrugTargetInteraction	p_r_82783_kd_DrugTargetInteraction_reaction_82783
r82785_k_DrugTargetInteraction	p_r_82785_k_DrugTargetInteraction_reaction_82785
r82785_kd_DrugTargetInteraction	p_r_82785_kd_DrugTargetInteraction_reaction_82785
r82787_k_DrugTargetInteraction	p_r_82787_k_DrugTargetInteraction_reaction_82787
r82787_kd_DrugTargetInteraction	p_r_82787_kd_DrugTargetInteraction_reaction_82787
r82789_k_DrugTargetInteraction	p_r_82789_k_DrugTargetInteraction_reaction_82789
r82789_kd_DrugTargetInteraction	p_r_82789_kd_DrugTargetInteraction_reaction_82789
r82791_k_DrugTargetInteraction	p_r_82791_k_DrugTargetInteraction_reaction_82791
r82791_kd_DrugTargetInteraction	p_r_82791_kd_DrugTargetInteraction_reaction_82791
r82795_k_DrugTargetInteraction	p_r_82795_k_DrugTargetInteraction_reaction_82795
r82795_kd_DrugTargetInteraction	p_r_82795_kd_DrugTargetInteraction_reaction_82795
r82797_k_DrugTargetInteraction	p_r_82797_k_DrugTargetInteraction_reaction_82797
r82797_kd_DrugTargetInteraction	p_r_82797_kd_DrugTargetInteraction_reaction_82797
r82799_k_DrugTargetInteraction	p_r_82799_k_DrugTargetInteraction_reaction_82799
r82799_kd_DrugTargetInteraction	p_r_82799_kd_DrugTargetInteraction_reaction_82799
r82801_k_DrugTargetInteraction	p_r_82801_k_DrugTargetInteraction_reaction_82801
r82801_kd_DrugTargetInteraction	p_r_82801_kd_DrugTargetInteraction_reaction_82801
r82803_k_DrugTargetInteraction	p_r_82803_k_DrugTargetInteraction_reaction_82803
r82803_kd_DrugTargetInteraction	p_r_82803_kd_DrugTargetInteraction_reaction_82803
r82805_k_DrugTargetInteraction	p_r_82805_k_DrugTargetInteraction_reaction_82805
r82805_kd_DrugTargetInteraction	p_r_82805_kd_DrugTargetInteraction_reaction_82805
r82811_k_DrugTargetInteraction	p_r_82811_k_DrugTargetInteraction_reaction_82811
r82811_kd_DrugTargetInteraction	p_r_82811_kd_DrugTargetInteraction_reaction_82811
r82813_k_DrugTargetInteraction	p_r_82813_k_DrugTargetInteraction_reaction_82813
r82813_kd_DrugTargetInteraction	p_r_82813_kd_DrugTargetInteraction_reaction_82813
r82817_k_DrugTargetInteraction	p_r_82817_k_DrugTargetInteraction_reaction_82817
r82817_kd_DrugTargetInteraction	p_r_82817_kd_DrugTargetInteraction_reaction_82817
r82819_k_DrugTargetInteraction	p_r_82819_k_DrugTargetInteraction_reaction_82819
r82819_kd_DrugTargetInteraction	p_r_82819_kd_DrugTargetInteraction_reaction_82819
r82825_k_DrugTargetInteraction	p_r_82825_k_DrugTargetInteraction_reaction_82825
r82825_kd_DrugTargetInteraction	p_r_82825_kd_DrugTargetInteraction_reaction_82825
r82827_k_DrugTargetInteraction	p_r_82827_k_DrugTargetInteraction_reaction_82827
r82827_kd_DrugTargetInteraction	p_r_82827_kd_DrugTargetInteraction_reaction_82827
r82829_k_DrugTargetInteraction	p_r_82829_k_DrugTargetInteraction_reaction_82829
r82829_kd_DrugTargetInteraction	p_r_82829_kd_DrugTargetInteraction_reaction_82829
r82831_k_DrugTargetInteraction	p_r_82831_k_DrugTargetInteraction_reaction_82831
r82831_kd_DrugTargetInteraction	p_r_82831_kd_DrugTargetInteraction_reaction_82831
r82833_k_DrugTargetInteraction	p_r_82833_k_DrugTargetInteraction_reaction_82833
r82833_kd_DrugTargetInteraction	p_r_82833_kd_DrugTargetInteraction_reaction_82833
r82837_k_DrugTargetInteraction	p_r_82837_k_DrugTargetInteraction_reaction_82837
r82837_kd_DrugTargetInteraction	p_r_82837_kd_DrugTargetInteraction_reaction_82837
r85355_k_DrugTranslocation	p_r_85355_k_DrugTranslocation_reaction_85355
r85355_kd_DrugTranslocation	p_r_85355_kd_DrugTranslocation_reaction_85355
r85356_k_DrugTargetInteraction	p_r_85356_k_DrugTargetInteraction_reaction_85356
r85356_kd_DrugTargetInteraction	p_r_85356_kd_DrugTargetInteraction_reaction_85356
r85358_k_DrugTargetInteraction	p_r_85358_k_DrugTargetInteraction_reaction_85358
r85358_kd_DrugTargetInteraction	p_r_85358_kd_DrugTargetInteraction_reaction_85358
r856_k_RPKM2protein	p_r_856_k_RPKM2protein_reaction_856
r85815_k_DrugTranslocation	p_r_85815_k_DrugTranslocation_reaction_85815
r85815_kd_DrugTranslocation	p_r_85815_kd_DrugTranslocation_reaction_85815
r85828_k_DrugTargetInteraction	p_r_85828_k_DrugTargetInteraction_reaction_85828
r85828_kd_DrugTargetInteraction	p_r_85828_kd_DrugTargetInteraction_reaction_85828
r85918_k_DrugTargetInteraction	p_r_85918_k_DrugTargetInteraction_reaction_85918
r85918_kd_DrugTargetInteraction	p_r_85918_kd_DrugTargetInteraction_reaction_85918
r85930_k_DrugTargetInteraction	p_r_85930_k_DrugTargetInteraction_reaction_85930
r85930_kd_DrugTargetInteraction	p_r_85930_kd_DrugTargetInteraction_reaction_85930
r8644_k_RPKM2protein	p_r_8644_k_RPKM2protein_reaction_8644
r8662_k_RPKM2protein	p_r_8662_k_RPKM2protein_reaction_8662
r87163_k_DrugTranslocation	p_r_87163_k_DrugTranslocation_reaction_87163
r87163_kd_DrugTranslocation	p_r_87163_kd_DrugTranslocation_reaction_87163
r87164_k_DrugTargetInteraction	p_r_87164_k_DrugTargetInteraction_reaction_87164
r87164_kd_DrugTargetInteraction	p_r_87164_kd_DrugTargetInteraction_reaction_87164
r87166_k_DrugTargetInteraction	p_r_87166_k_DrugTargetInteraction_reaction_87166
r87166_kd_DrugTargetInteraction	p_r_87166_kd_DrugTargetInteraction_reaction_87166
r87168_k_DrugTargetInteraction	p_r_87168_k_DrugTargetInteraction_reaction_87168
r87168_kd_DrugTargetInteraction	p_r_87168_kd_DrugTargetInteraction_reaction_87168
r87172_k_DrugTargetInteraction	p_r_87172_k_DrugTargetInteraction_reaction_87172
r87172_kd_DrugTargetInteraction	p_r_87172_kd_DrugTargetInteraction_reaction_87172
r87174_k_DrugTargetInteraction	p_r_87174_k_DrugTargetInteraction_reaction_87174
r87174_kd_DrugTargetInteraction	p_r_87174_kd_DrugTargetInteraction_reaction_87174
r87176_k_DrugTargetInteraction	p_r_87176_k_DrugTargetInteraction_reaction_87176
r87176_kd_DrugTargetInteraction	p_r_87176_kd_DrugTargetInteraction_reaction_87176
r87178_k_DrugTargetInteraction	p_r_87178_k_DrugTargetInteraction_reaction_87178
r87178_kd_DrugTargetInteraction	p_r_87178_kd_DrugTargetInteraction_reaction_87178
r87182_k_DrugTargetInteraction	p_r_87182_k_DrugTargetInteraction_reaction_87182
r87182_kd_DrugTargetInteraction	p_r_87182_kd_DrugTargetInteraction_reaction_87182
r87184_k_DrugTargetInteraction	p_r_87184_k_DrugTargetInteraction_reaction_87184
r87184_kd_DrugTargetInteraction	p_r_87184_kd_DrugTargetInteraction_reaction_87184
r87186_k_DrugTargetInteraction	p_r_87186_k_DrugTargetInteraction_reaction_87186
r87186_kd_DrugTargetInteraction	p_r_87186_kd_DrugTargetInteraction_reaction_87186
r87188_k_DrugTargetInteraction	p_r_87188_k_DrugTargetInteraction_reaction_87188
r87188_kd_DrugTargetInteraction	p_r_87188_kd_DrugTargetInteraction_reaction_87188
r87190_k_DrugTargetInteraction	p_r_87190_k_DrugTargetInteraction_reaction_87190
r87190_kd_DrugTargetInteraction	p_r_87190_kd_DrugTargetInteraction_reaction_87190
r87192_k_DrugTargetInteraction	p_r_87192_k_DrugTargetInteraction_reaction_87192
r87192_kd_DrugTargetInteraction	p_r_87192_kd_DrugTargetInteraction_reaction_87192
r87194_k_DrugTargetInteraction	p_r_87194_k_DrugTargetInteraction_reaction_87194
r87194_kd_DrugTargetInteraction	p_r_87194_kd_DrugTargetInteraction_reaction_87194
r87196_k_DrugTargetInteraction	p_r_87196_k_DrugTargetInteraction_reaction_87196
r87196_kd_DrugTargetInteraction	p_r_87196_kd_DrugTargetInteraction_reaction_87196
r87202_k_DrugTargetInteraction	p_r_87202_k_DrugTargetInteraction_reaction_87202
r87202_kd_DrugTargetInteraction	p_r_87202_kd_DrugTargetInteraction_reaction_87202
r87204_k_DrugTargetInteraction	p_r_87204_k_DrugTargetInteraction_reaction_87204
r87204_kd_DrugTargetInteraction	p_r_87204_kd_DrugTargetInteraction_reaction_87204
r87212_k_DrugTargetInteraction	p_r_87212_k_DrugTargetInteraction_reaction_87212
r87212_kd_DrugTargetInteraction	p_r_87212_kd_DrugTargetInteraction_reaction_87212
r87266_k_DrugTranslocation	p_r_87266_k_DrugTranslocation_reaction_87266
r87266_kd_DrugTranslocation	p_r_87266_kd_DrugTranslocation_reaction_87266
r87269_k_DrugTargetInteraction	p_r_87269_k_DrugTargetInteraction_reaction_87269
r87269_kd_DrugTargetInteraction	p_r_87269_kd_DrugTargetInteraction_reaction_87269
r87287_k_DrugTargetInteraction	p_r_87287_k_DrugTargetInteraction_reaction_87287
r87287_kd_DrugTargetInteraction	p_r_87287_kd_DrugTargetInteraction_reaction_87287
r87329_k_DrugTargetInteraction	p_r_87329_k_DrugTargetInteraction_reaction_87329
r87329_kd_DrugTargetInteraction	p_r_87329_kd_DrugTargetInteraction_reaction_87329
r87355_k_DrugTargetInteraction	p_r_87355_k_DrugTargetInteraction_reaction_87355
r87355_kd_DrugTargetInteraction	p_r_87355_kd_DrugTargetInteraction_reaction_87355
r87367_k_DrugTargetInteraction	p_r_87367_k_DrugTargetInteraction_reaction_87367
r87367_kd_DrugTargetInteraction	p_r_87367_kd_DrugTargetInteraction_reaction_87367
r89337_k_DrugTranslocation	p_r_89337_k_DrugTranslocation_reaction_89337
r89337_kd_DrugTranslocation	p_r_89337_kd_DrugTranslocation_reaction_89337
r89342_k_DrugTargetInteraction	p_r_89342_k_DrugTargetInteraction_reaction_89342
r89342_kd_DrugTargetInteraction	p_r_89342_kd_DrugTargetInteraction_reaction_89342
r89344_k_DrugTargetInteraction	p_r_89344_k_DrugTargetInteraction_reaction_89344
r89344_kd_DrugTargetInteraction	p_r_89344_kd_DrugTargetInteraction_reaction_89344
r89346_k_DrugTargetInteraction	p_r_89346_k_DrugTargetInteraction_reaction_89346
r89346_kd_DrugTargetInteraction	p_r_89346_kd_DrugTargetInteraction_reaction_89346
r89348_k_DrugTargetInteraction	p_r_89348_k_DrugTargetInteraction_reaction_89348
r89348_kd_DrugTargetInteraction	p_r_89348_kd_DrugTargetInteraction_reaction_89348
r89352_k_DrugTargetInteraction	p_r_89352_k_DrugTargetInteraction_reaction_89352
r89352_kd_DrugTargetInteraction	p_r_89352_kd_DrugTargetInteraction_reaction_89352
r89360_k_DrugTargetInteraction	p_r_89360_k_DrugTargetInteraction_reaction_89360
r89360_kd_DrugTargetInteraction	p_r_89360_kd_DrugTargetInteraction_reaction_89360
r89366_k_DrugTargetInteraction	p_r_89366_k_DrugTargetInteraction_reaction_89366
r89366_kd_DrugTargetInteraction	p_r_89366_kd_DrugTargetInteraction_reaction_89366
r89368_k_DrugTargetInteraction	p_r_89368_k_DrugTargetInteraction_reaction_89368
r89368_kd_DrugTargetInteraction	p_r_89368_kd_DrugTargetInteraction_reaction_89368
r89370_k_DrugTargetInteraction	p_r_89370_k_DrugTargetInteraction_reaction_89370
r89370_kd_DrugTargetInteraction	p_r_89370_kd_DrugTargetInteraction_reaction_89370
r89374_k_DrugTargetInteraction	p_r_89374_k_DrugTargetInteraction_reaction_89374
r89374_kd_DrugTargetInteraction	p_r_89374_kd_DrugTargetInteraction_reaction_89374
r89376_k_DrugTargetInteraction	p_r_89376_k_DrugTargetInteraction_reaction_89376
r89376_kd_DrugTargetInteraction	p_r_89376_kd_DrugTargetInteraction_reaction_89376
r89384_k_DrugTargetInteraction	p_r_89384_k_DrugTargetInteraction_reaction_89384
r89384_kd_DrugTargetInteraction	p_r_89384_kd_DrugTargetInteraction_reaction_89384
r89390_k_DrugTargetInteraction	p_r_89390_k_DrugTargetInteraction_reaction_89390
r89390_kd_DrugTargetInteraction	p_r_89390_kd_DrugTargetInteraction_reaction_89390
r89400_k_DrugTargetInteraction	p_r_89400_k_DrugTargetInteraction_reaction_89400
r89400_kd_DrugTargetInteraction	p_r_89400_kd_DrugTargetInteraction_reaction_89400
r89402_k_DrugTargetInteraction	p_r_89402_k_DrugTargetInteraction_reaction_89402
r89402_kd_DrugTargetInteraction	p_r_89402_kd_DrugTargetInteraction_reaction_89402
r89416_k_DrugTargetInteraction	p_r_89416_k_DrugTargetInteraction_reaction_89416
r89416_kd_DrugTargetInteraction	p_r_89416_kd_DrugTargetInteraction_reaction_89416
r89422_k_DrugTargetInteraction	p_r_89422_k_DrugTargetInteraction_reaction_89422
r89422_kd_DrugTargetInteraction	p_r_89422_kd_DrugTargetInteraction_reaction_89422
r89424_k_DrugTargetInteraction	p_r_89424_k_DrugTargetInteraction_reaction_89424
r89424_kd_DrugTargetInteraction	p_r_89424_kd_DrugTargetInteraction_reaction_89424
r89426_k_DrugTargetInteraction	p_r_89426_k_DrugTargetInteraction_reaction_89426
r89426_kd_DrugTargetInteraction	p_r_89426_kd_DrugTargetInteraction_reaction_89426
r89428_k_DrugTargetInteraction	p_r_89428_k_DrugTargetInteraction_reaction_89428
r89428_kd_DrugTargetInteraction	p_r_89428_kd_DrugTargetInteraction_reaction_89428
r89438_k_DrugTargetInteraction	p_r_89438_k_DrugTargetInteraction_reaction_89438
r89438_kd_DrugTargetInteraction	p_r_89438_kd_DrugTargetInteraction_reaction_89438
r89440_k_DrugTargetInteraction	p_r_89440_k_DrugTargetInteraction_reaction_89440
r89440_kd_DrugTargetInteraction	p_r_89440_kd_DrugTargetInteraction_reaction_89440
r89444_k_DrugTargetInteraction	p_r_89444_k_DrugTargetInteraction_reaction_89444
r89444_kd_DrugTargetInteraction	p_r_89444_kd_DrugTargetInteraction_reaction_89444
r89446_k_DrugTargetInteraction	p_r_89446_k_DrugTargetInteraction_reaction_89446
r89446_kd_DrugTargetInteraction	p_r_89446_kd_DrugTargetInteraction_reaction_89446
r89448_k_DrugTargetInteraction	p_r_89448_k_DrugTargetInteraction_reaction_89448
r89448_kd_DrugTargetInteraction	p_r_89448_kd_DrugTargetInteraction_reaction_89448
r89450_k_DrugTargetInteraction	p_r_89450_k_DrugTargetInteraction_reaction_89450
r89450_kd_DrugTargetInteraction	p_r_89450_kd_DrugTargetInteraction_reaction_89450
r89452_k_DrugTargetInteraction	p_r_89452_k_DrugTargetInteraction_reaction_89452
r89452_kd_DrugTargetInteraction	p_r_89452_kd_DrugTargetInteraction_reaction_89452
r89454_k_DrugTargetInteraction	p_r_89454_k_DrugTargetInteraction_reaction_89454
r89454_kd_DrugTargetInteraction	p_r_89454_kd_DrugTargetInteraction_reaction_89454
r89460_k_DrugTargetInteraction	p_r_89460_k_DrugTargetInteraction_reaction_89460
r89460_kd_DrugTargetInteraction	p_r_89460_kd_DrugTargetInteraction_reaction_89460
r89472_k_DrugTargetInteraction	p_r_89472_k_DrugTargetInteraction_reaction_89472
r89472_kd_DrugTargetInteraction	p_r_89472_kd_DrugTargetInteraction_reaction_89472
r89496_k_DrugTargetInteraction	p_r_89496_k_DrugTargetInteraction_reaction_89496
r89496_kd_DrugTargetInteraction	p_r_89496_kd_DrugTargetInteraction_reaction_89496
r89498_k_DrugTargetInteraction	p_r_89498_k_DrugTargetInteraction_reaction_89498
r89498_kd_DrugTargetInteraction	p_r_89498_kd_DrugTargetInteraction_reaction_89498
r89508_k_DrugTargetInteraction	p_r_89508_k_DrugTargetInteraction_reaction_89508
r89508_kd_DrugTargetInteraction	p_r_89508_kd_DrugTargetInteraction_reaction_89508
r89520_k_DrugTargetInteraction	p_r_89520_k_DrugTargetInteraction_reaction_89520
r89520_kd_DrugTargetInteraction	p_r_89520_kd_DrugTargetInteraction_reaction_89520
r89558_k_DrugTargetInteraction	p_r_89558_k_DrugTargetInteraction_reaction_89558
r89558_kd_DrugTargetInteraction	p_r_89558_kd_DrugTargetInteraction_reaction_89558
r89560_k_DrugTargetInteraction	p_r_89560_k_DrugTargetInteraction_reaction_89560
r89560_kd_DrugTargetInteraction	p_r_89560_kd_DrugTargetInteraction_reaction_89560
r89562_k_DrugTargetInteraction	p_r_89562_k_DrugTargetInteraction_reaction_89562
r89562_kd_DrugTargetInteraction	p_r_89562_kd_DrugTargetInteraction_reaction_89562
r89564_k_DrugTargetInteraction	p_r_89564_k_DrugTargetInteraction_reaction_89564
r89564_kd_DrugTargetInteraction	p_r_89564_kd_DrugTargetInteraction_reaction_89564
r89566_k_DrugTargetInteraction	p_r_89566_k_DrugTargetInteraction_reaction_89566
r89566_kd_DrugTargetInteraction	p_r_89566_kd_DrugTargetInteraction_reaction_89566
r89582_k_DrugTargetInteraction	p_r_89582_k_DrugTargetInteraction_reaction_89582
r89582_kd_DrugTargetInteraction	p_r_89582_kd_DrugTargetInteraction_reaction_89582
r928_k_RPKM2protein	p_r_928_k_RPKM2protein_reaction_928
r931_k_RPKM2protein	p_r_931_k_RPKM2protein_reaction_931
r9420_k_RPKM2protein	p_r_9420_k_RPKM2protein_reaction_9420
r95345_k_RPKM2protein	p_r_95345_k_RPKM2protein_reaction_95345
r95353_k_RPKM2protein	p_r_95353_k_RPKM2protein_reaction_95353
r9873_k_RPKM2protein	p_r_9873_k_RPKM2protein_reaction_9873
r98889_k_RPKM2protein	p_r_98889_k_RPKM2protein_reaction_98889
r98891_k_RPKM2protein	p_r_98891_k_RPKM2protein_reaction_98891
r98893_k_RPKM2protein	p_r_98893_k_RPKM2protein_reaction_98893
r98895_k_RPKM2protein	p_r_98895_k_RPKM2protein_reaction_98895
r98896_k_RPKM2protein	p_r_98896_k_RPKM2protein_reaction_98896
r98931_k_DrugTargetInteraction	p_r_98931_k_DrugTargetInteraction_reaction_98931
r98931_kd_DrugTargetInteraction	p_r_98931_kd_DrugTargetInteraction_reaction_98931
r98932_k_DrugTargetInteraction	p_r_98932_k_DrugTargetInteraction_reaction_98932
r98932_kd_DrugTargetInteraction	p_r_98932_kd_DrugTargetInteraction_reaction_98932
r98933_k_DrugTargetInteraction	p_r_98933_k_DrugTargetInteraction_reaction_98933
r98933_kd_DrugTargetInteraction	p_r_98933_kd_DrugTargetInteraction_reaction_98933
r98934_k_DrugTargetInteraction	p_r_98934_k_DrugTargetInteraction_reaction_98934
r98934_kd_DrugTargetInteraction	p_r_98934_kd_DrugTargetInteraction_reaction_98934
r98935_k_DrugTargetInteraction	p_r_98935_k_DrugTargetInteraction_reaction_98935
r98935_kd_DrugTargetInteraction	p_r_98935_kd_DrugTargetInteraction_reaction_98935
r98936_k_DrugTargetInteraction	p_r_98936_k_DrugTargetInteraction_reaction_98936
r98936_kd_DrugTargetInteraction	p_r_98936_kd_DrugTargetInteraction_reaction_98936
r99_k_RPKM2protein	p_r_99_k_RPKM2protein_reaction_99
SP_10_6	SP_10_6
SP_482_6	SP_482_6
SP_5450_6	SP_5450_6
SP_483_6	SP_483_6
SP_8406_6	SP_8406_6
SP_479_6	SP_479_6
SP_8424_6	SP_8424_6
SP_488_6	SP_488_6
SP_9036_6	SP_9036_6
SP_508_6	SP_508_6
SP_26813_6	SP_26813_6
SP_9054_6	SP_9054_6
SP_80_5	SP_80_5
SP_10_3	SP_10_3
SP_9072_6	SP_9072_6
SP_9090_6	SP_9090_6
SP_11_3	SP_11_3
SP_9099_6	SP_9099_6
SP_636_6	SP_636_6
SP_9117_6	SP_9117_6
SP_641_6	SP_641_6
SP_9126_6	SP_9126_6
SP_79_6	SP_79_6
SP_13781_6	SP_13781_6
SP_693_6	SP_693_6
SP_9739_6	SP_9739_6
SP_9748_6	SP_9748_6
SP_752_6	SP_752_6
SP_9772_6	SP_9772_6
SP_761_6	SP_761_6
SP_9775_6	SP_9775_6
SP_9778_6	SP_9778_6
SP_85_6	SP_85_6
SP_9784_6	SP_9784_6
SP_80_6	SP_80_6
SP_9063_6	SP_9063_6
SP_474_6	SP_474_6
SP_99_6	SP_99_6
SP_471_6	SP_471_6
SP_98_6	SP_98_6
SP_1206_6	SP_1206_6
SP_5550_6	SP_5550_6
SP_1_6	SP_1_6
SP_1263_6	SP_1263_6
SP_44511_2	SP_44511_2
SP_45182_2	SP_45182_2
SP_46396_2	SP_46396_2
SP_47728_2	SP_47728_2
SP_48658_2	SP_48658_2
SP_48715_2	SP_48715_2
SP_49768_2	SP_49768_2
SP_47964_2	SP_47964_2
SP_10157_6	SP_10157_6
SP_10165_6	SP_10165_6
SP_10173_6	SP_10173_6
SP_10197_6	SP_10197_6
SP_10181_6	SP_10181_6
SP_11402_6	SP_11402_6
SP_10133_6	SP_10133_6
SP_10213_6	SP_10213_6
SP_10221_6	SP_10221_6
SP_10229_6	SP_10229_6
SP_10237_6	SP_10237_6
SP_30900_6	SP_30900_6
SP_14680_6	SP_14680_6
SP_10205_6	SP_10205_6
SP_5440_6	SP_5440_6
SP_5460_6	SP_5460_6
SP_1289_6	SP_1289_6
SP_19_6	SP_19_6
SP_182_6	SP_182_6
SP_1482_6	SP_1482_6
SP_509_6	SP_509_6
SP_14_3	SP_14_3
SP_10_5	SP_10_5
SP_183_6	SP_183_6
SP_11_5	SP_11_5
SP_20_6	SP_20_6
SP_1456_6	SP_1456_6
SP_22027_6	SP_22027_6
SP_17770_6	SP_17770_6
SP_21_6	SP_21_6
SP_3556_6	SP_3556_6
SP_202_6	SP_202_6
SP_1671_6	SP_1671_6
SP_203_6	SP_203_6
SP_1674_6	SP_1674_6
SP_3547_6	SP_3547_6
SP_1266_6	SP_1266_6
SP_1677_6	SP_1677_6
SP_12_3	SP_12_3
SP_22_6	SP_22_6
SP_79_3	SP_79_3
SP_80_3	SP_80_3
SP_23_6	SP_23_6
SP_4759_6	SP_4759_6
SP_219_6	SP_219_6
SP_319_6	SP_319_6
SP_24_6	SP_24_6
SP_3548_6	SP_3548_6
SP_7507_6	SP_7507_6
SP_226_6	SP_226_6
SP_224_3	SP_224_3
SP_1662_6	SP_1662_6
SP_37_6	SP_37_6
SP_2581_6	SP_2581_6
SP_38_6	SP_38_6
SP_324_6	SP_324_6
SP_2582_6	SP_2582_6
SP_335_6	SP_335_6
SP_2587_6	SP_2587_6
SP_336_6	SP_336_6
SP_27727_6	SP_27727_6
SP_346_6	SP_346_6
SP_1252_6	SP_1252_6
SP_27729_6	SP_27729_6
SP_317_6	SP_317_6
SP_356_6	SP_356_6
SP_1202_6	SP_1202_6
SP_355_6	SP_355_6
SP_27723_6	SP_27723_6
SP_27724_6	SP_27724_6
SP_433_6	SP_433_6
SP_3554_6	SP_3554_6
SP_17_6	SP_17_6
SP_3555_6	SP_3555_6
SP_1201_6	SP_1201_6
SP_3557_6	SP_3557_6
SP_109_6	SP_109_6
SP_2400_6	SP_2400_6
SP_11_6	SP_11_6
SP_691_3	SP_691_3
SP_22731_6	SP_22731_6
SP_18459_6	SP_18459_6
SP_487_6	SP_487_6
SP_91_6	SP_91_6
SP_462_6	SP_462_6
SP_1297_6	SP_1297_6
SP_463_6	SP_463_6
SP_79_5	SP_79_5
SP_60_6	SP_60_6
SP_54_6	SP_54_6
SP_617_6	SP_617_6
SP_185_6	SP_185_6
SP_55_6	SP_55_6
SP_3345_6	SP_3345_6
SP_1267_6	SP_1267_6
SP_25_6	SP_25_6
SP_486_6	SP_486_6
SP_318_6	SP_318_6
SP_320_6	SP_320_6
SP_3344_6	SP_3344_6
SP_3346_6	SP_3346_6
SP_396_6	SP_396_6
SP_397_6	SP_397_6
SP_1833_6	SP_1833_6
SP_484_6	SP_484_6
SP_1262_6	SP_1262_6
SP_398_6	SP_398_6
SP_485_6	SP_485_6
SP_435_6	SP_435_6
SP_436_6	SP_436_6
SP_1818_6	SP_1818_6
SP_480_6	SP_480_6
SP_22977_6	SP_22977_6
SP_481_6	SP_481_6
SP_22978_6	SP_22978_6
SP_22983_6	SP_22983_6
